{
    "keep": {
        "days": true,
        "amount": 14
    },
    "auditLog": "/Users/fahimahammedfiroz/level2/health-care-server/logs/winston/successes/.9623772d740679fcff0e4809d7b1f63d7063f59a-audit.json",
    "files": [
        {
            "date": 1710333545134,
            "name": "/Users/fahimahammedfiroz/level2/health-care-server/logs/winston/successes/phu-2024-13-03-18-success.log",
            "hash": "df9b6901c4d4399b3211c29ea13f345b15b9f616a55c11dee3281eda40e28f34"
        },
        {
            "date": 1710497485012,
            "name": "/Users/fahimahammedfiroz/level2/health-care-server/logs/winston/successes/phu-2024-15-03-16-success.log",
            "hash": "ddae59f47d1ec8befa034b6cb40ce37c6d24d9334f25eb32cc245244e6e9fad1"
        },
        {
            "date": 1710500436588,
            "name": "/Users/fahimahammedfiroz/level2/health-care-server/logs/winston/successes/phu-2024-15-03-17-success.log",
            "hash": "28e9706ef669fa1d4d8d9cfc7ce94095d9594f9e6c60e94731966987e58527b7"
        }
    ],
    "hashType": "sha256"
}