{
    "keep": {
        "days": true,
        "amount": 14
    },
    "auditLog": "/Users/fahimahammedfiroz/level2/health-care-server/logs/winston/errors/.3a8e3fff655c346765eb92d12615fdd3b4b8b175-audit.json",
    "files": [
        {
            "date": 1710333545145,
            "name": "/Users/fahimahammedfiroz/level2/health-care-server/logs/winston/errors/phu-2024-13-03-18-error.log",
            "hash": "3eeacb284c2845807b70414a25661a8394aed8d4ef3bb68d6bb3b7bb3c0d8316"
        },
        {
            "date": 1710497485014,
            "name": "/Users/fahimahammedfiroz/level2/health-care-server/logs/winston/errors/phu-2024-15-03-16-error.log",
            "hash": "861c4e12d0d3fe52e470c66f4f7af405288456581d9d0a4c022db5bf3bc762b5"
        },
        {
            "date": 1710500436590,
            "name": "/Users/fahimahammedfiroz/level2/health-care-server/logs/winston/errors/phu-2024-15-03-17-error.log",
            "hash": "9e4583fc36a17f682b1eac1a04744eea362096a143f7fa869ff9e86341dc6952"
        }
    ],
    "hashType": "sha256"
}